ANIO,REG,MES,NM_RECURSO,Precio_ponderado,Q_total_consolidado,N_Plantas_Compradoras,Fecha,Region_Label,Nombre_Region
2012,5,4,ANCHOVETA,50000,734,1,2012-04-01,Región 5,V - Valparaíso
2012,5,5,ANCHOVETA,50000,569,1,2012-05-01,Región 5,V - Valparaíso
2012,5,6,ANCHOVETA,50000,197,1,2012-06-01,Región 5,V - Valparaíso
2012,5,10,ANCHOVETA,60000,338,1,2012-10-01,Región 5,V - Valparaíso
2012,5,11,ANCHOVETA,60000,461,1,2012-11-01,Región 5,V - Valparaíso
2013,5,3,ANCHOVETA,79792,2435.756,1,2013-03-01,Región 5,V - Valparaíso
2013,5,4,ANCHOVETA,79785,1713.8729999999998,1,2013-04-01,Región 5,V - Valparaíso
2013,5,5,ANCHOVETA,79795,310.10699999999997,1,2013-05-01,Región 5,V - Valparaíso
2014,5,3,ANCHOVETA,85559,1231.815,1,2014-03-01,Región 5,V - Valparaíso
2014,5,4,ANCHOVETA,85559,1165.021,1,2014-04-01,Región 5,V - Valparaíso
2014,5,5,ANCHOVETA,85559,932.669,1,2014-05-01,Región 5,V - Valparaíso
2014,5,6,ANCHOVETA,85559,30.109,1,2014-06-01,Región 5,V - Valparaíso
2014,5,11,ANCHOVETA,75000,11.295,1,2014-11-01,Región 5,V - Valparaíso
2015,5,7,ANCHOVETA,100000,163.573,1,2015-07-01,Región 5,V - Valparaíso
2015,5,11,ANCHOVETA,100000,63.347,1,2015-11-01,Región 5,V - Valparaíso
2015,5,12,ANCHOVETA,99999.99999999999,426.97999999999996,1,2015-12-01,Región 5,V - Valparaíso
2016,5,3,ANCHOVETA,100000,8,1,2016-03-01,Región 5,V - Valparaíso
2016,5,4,ANCHOVETA,100000,82,1,2016-04-01,Región 5,V - Valparaíso
2016,5,5,ANCHOVETA,100000,939,1,2016-05-01,Región 5,V - Valparaíso
2016,5,6,ANCHOVETA,100000,291,1,2016-06-01,Región 5,V - Valparaíso
2016,5,7,ANCHOVETA,100000,319,1,2016-07-01,Región 5,V - Valparaíso
2017,5,3,ANCHOVETA,94180,69,1,2017-03-01,Región 5,V - Valparaíso
2017,5,4,ANCHOVETA,90000,522,1,2017-04-01,Región 5,V - Valparaíso
2017,5,5,ANCHOVETA,90000,2352,1,2017-05-01,Región 5,V - Valparaíso
2017,5,6,ANCHOVETA,90000,652,1,2017-06-01,Región 5,V - Valparaíso
2018,5,3,ANCHOVETA,90000,837.255,1,2018-03-01,Región 5,V - Valparaíso
2018,5,4,ANCHOVETA,89999.99999999999,379.51300000000003,1,2018-04-01,Región 5,V - Valparaíso
2018,5,7,ANCHOVETA,90000,13.099,1,2018-07-01,Región 5,V - Valparaíso
2018,5,11,ANCHOVETA,90000,51.049,1,2018-11-01,Región 5,V - Valparaíso
2018,5,12,ANCHOVETA,90000,13.301,1,2018-12-01,Región 5,V - Valparaíso
2019,5,4,ANCHOVETA,100000,1809.88,1,2019-04-01,Región 5,V - Valparaíso
2019,5,5,ANCHOVETA,100000,1150.3900000000003,1,2019-05-01,Región 5,V - Valparaíso
2019,5,6,ANCHOVETA,100000,101.86,1,2019-06-01,Región 5,V - Valparaíso
2019,5,7,ANCHOVETA,100000,4.74,1,2019-07-01,Región 5,V - Valparaíso
2020,5,4,ANCHOVETA,100000,276.763,1,2020-04-01,Región 5,V - Valparaíso
2012,5,3,JUREL,59000,226,1,2012-03-01,Región 5,V - Valparaíso
2016,5,3,JUREL,114000,4,1,2016-03-01,Región 5,V - Valparaíso
2016,5,5,JUREL,700000,1,1,2016-05-01,Región 5,V - Valparaíso
2017,5,5,JUREL,120000,79,1,2017-05-01,Región 5,V - Valparaíso
2020,5,2,JUREL,120000,135.234,1,2020-02-01,Región 5,V - Valparaíso
2020,5,3,JUREL,120000,114.84899999999999,1,2020-03-01,Región 5,V - Valparaíso
2020,5,4,JUREL,120000,210.989,1,2020-04-01,Región 5,V - Valparaíso
2022,5,1,JUREL,350000,35.572,1,2022-01-01,Región 5,V - Valparaíso
2012,5,4,SARDINA COMUN,50000,2949,1,2012-04-01,Región 5,V - Valparaíso
2012,5,5,SARDINA COMUN,50000,2212,1,2012-05-01,Región 5,V - Valparaíso
2012,5,6,SARDINA COMUN,50000,900,1,2012-06-01,Región 5,V - Valparaíso
2012,5,7,SARDINA COMUN,50000,583,1,2012-07-01,Región 5,V - Valparaíso
2012,5,8,SARDINA COMUN,50000,5,1,2012-08-01,Región 5,V - Valparaíso
2012,5,10,SARDINA COMUN,60000,1292,1,2012-10-01,Región 5,V - Valparaíso
2012,5,11,SARDINA COMUN,60000,1322,1,2012-11-01,Región 5,V - Valparaíso
2013,5,3,SARDINA COMUN,79792,2494.1150000000002,1,2013-03-01,Región 5,V - Valparaíso
2013,5,4,SARDINA COMUN,79785,2084.822,1,2013-04-01,Región 5,V - Valparaíso
2013,5,5,SARDINA COMUN,79795,538.833,1,2013-05-01,Región 5,V - Valparaíso
2013,5,6,SARDINA COMUN,91053,2.005,1,2013-06-01,Región 5,V - Valparaíso
2014,5,3,SARDINA COMUN,85559.00000000001,3216.545,1,2014-03-01,Región 5,V - Valparaíso
2014,5,4,SARDINA COMUN,85559,3112.487,1,2014-04-01,Región 5,V - Valparaíso
2014,5,5,SARDINA COMUN,85559,2328.714,1,2014-05-01,Región 5,V - Valparaíso
2014,5,6,SARDINA COMUN,85559,38.956,1,2014-06-01,Región 5,V - Valparaíso
2014,5,11,SARDINA COMUN,75000,158.14499999999998,1,2014-11-01,Región 5,V - Valparaíso
2014,5,12,SARDINA COMUN,75000,113.241,1,2014-12-01,Región 5,V - Valparaíso
2015,5,7,SARDINA COMUN,100000,388.498,1,2015-07-01,Región 5,V - Valparaíso
2015,5,11,SARDINA COMUN,100000,995.079,1,2015-11-01,Región 5,V - Valparaíso
2015,5,12,SARDINA COMUN,100000.00000000001,686.4670000000001,1,2015-12-01,Región 5,V - Valparaíso
2016,5,4,SARDINA COMUN,100000,788,1,2016-04-01,Región 5,V - Valparaíso
2016,5,5,SARDINA COMUN,100000,3077,1,2016-05-01,Región 5,V - Valparaíso
2016,5,6,SARDINA COMUN,100000,466,1,2016-06-01,Región 5,V - Valparaíso
2016,5,7,SARDINA COMUN,100000,541,1,2016-07-01,Región 5,V - Valparaíso
2017,5,3,SARDINA COMUN,91527,440,1,2017-03-01,Región 5,V - Valparaíso
2017,5,4,SARDINA COMUN,90000,1005,1,2017-04-01,Región 5,V - Valparaíso
2017,5,5,SARDINA COMUN,90600,1017,1,2017-05-01,Región 5,V - Valparaíso
2017,5,6,SARDINA COMUN,90000,549,1,2017-06-01,Región 5,V - Valparaíso
2018,5,3,SARDINA COMUN,89999.99999999999,1778.6760000000002,1,2018-03-01,Región 5,V - Valparaíso
2018,5,4,SARDINA COMUN,90000,1871.9370000000004,1,2018-04-01,Región 5,V - Valparaíso
2018,5,7,SARDINA COMUN,90000,14.236,1,2018-07-01,Región 5,V - Valparaíso
2018,5,11,SARDINA COMUN,90000,903.216,1,2018-11-01,Región 5,V - Valparaíso
2018,5,12,SARDINA COMUN,90000,135.376,1,2018-12-01,Región 5,V - Valparaíso
2019,5,4,SARDINA COMUN,100000,235.59,1,2019-04-01,Región 5,V - Valparaíso
2019,5,5,SARDINA COMUN,100000,621.68,1,2019-05-01,Región 5,V - Valparaíso
2019,5,6,SARDINA COMUN,100000,295.06,1,2019-06-01,Región 5,V - Valparaíso
2019,5,7,SARDINA COMUN,10000,0.73,1,2019-07-01,Región 5,V - Valparaíso
2019,5,11,SARDINA COMUN,10000,3.33,1,2019-11-01,Región 5,V - Valparaíso
2019,5,12,SARDINA COMUN,10000,125.94000000000001,1,2019-12-01,Región 5,V - Valparaíso
2020,5,4,SARDINA COMUN,100000,373.377,1,2020-04-01,Región 5,V - Valparaíso
2012,5,8,SARDINA ESPAÑOLA,59000,10,1,2012-08-01,Región 5,V - Valparaíso
2012,8,2,ANCHOVETA,62000,10,1,2012-02-01,Región 8,VIII - Biobío
2012,8,3,ANCHOVETA,65680.49490538574,2748,5,2012-03-01,Región 8,VIII - Biobío
2012,8,4,ANCHOVETA,71625.90113285273,11652,5,2012-04-01,Región 8,VIII - Biobío
2012,8,5,ANCHOVETA,73935.16912402428,4612,4,2012-05-01,Región 8,VIII - Biobío
2012,8,6,ANCHOVETA,79257.51503006012,998,4,2012-06-01,Región 8,VIII - Biobío
2012,8,7,ANCHOVETA,76176.4705882353,663,3,2012-07-01,Región 8,VIII - Biobío
2012,8,8,ANCHOVETA,85886.52482269504,141,3,2012-08-01,Región 8,VIII - Biobío
2012,8,9,ANCHOVETA,84000,35,1,2012-09-01,Región 8,VIII - Biobío
2012,8,10,ANCHOVETA,86921.86128182616,3417,5,2012-10-01,Región 8,VIII - Biobío
2012,8,11,ANCHOVETA,86910.84830566295,4397,4,2012-11-01,Región 8,VIII - Biobío
2012,8,12,ANCHOVETA,95284.3295638126,2476,4,2012-12-01,Región 8,VIII - Biobío
2013,8,2,ANCHOVETA,221303,3.641,1,2013-02-01,Región 8,VIII - Biobío
2013,8,3,ANCHOVETA,91914.85021424932,8316.245,6,2013-03-01,Región 8,VIII - Biobío
2013,8,4,ANCHOVETA,87400.45266010179,2798.126,3,2013-04-01,Región 8,VIII - Biobío
2013,8,5,ANCHOVETA,93525.96811772881,1656.281,3,2013-05-01,Región 8,VIII - Biobío
2013,8,6,ANCHOVETA,93043.80776964802,1420.296,3,2013-06-01,Región 8,VIII - Biobío
2013,8,7,ANCHOVETA,96677.17438971749,227.026,2,2013-07-01,Región 8,VIII - Biobío
2013,8,10,ANCHOVETA,96830.48678084179,344.5,2,2013-10-01,Región 8,VIII - Biobío
2013,8,11,ANCHOVETA,92241.17224275888,854.84,2,2013-11-01,Región 8,VIII - Biobío
2013,8,12,ANCHOVETA,124334.55109744596,1029.709,2,2013-12-01,Región 8,VIII - Biobío
2014,8,3,ANCHOVETA,97765.42303334379,2680.349,4,2014-03-01,Región 8,VIII - Biobío
2014,8,4,ANCHOVETA,100668.09916478848,8806.392,4,2014-04-01,Región 8,VIII - Biobío
2014,8,5,ANCHOVETA,103679.72729639283,2977.0930000000003,2,2014-05-01,Región 8,VIII - Biobío
2014,8,6,ANCHOVETA,101660,311.82700000000006,1,2014-06-01,Región 8,VIII - Biobío
2014,8,7,ANCHOVETA,96266,2124.617,1,2014-07-01,Región 8,VIII - Biobío
2014,8,10,ANCHOVETA,107642,451.657,1,2014-10-01,Región 8,VIII - Biobío
2014,8,11,ANCHOVETA,119994.00000000001,177.897,1,2014-11-01,Región 8,VIII - Biobío
2014,8,12,ANCHOVETA,114530,47.281,1,2014-12-01,Región 8,VIII - Biobío
2016,8,3,ANCHOVETA,129284.49895470383,2870,2,2016-03-01,Región 8,VIII - Biobío
2016,8,4,ANCHOVETA,127993.37728937728,546,2,2016-04-01,Región 8,VIII - Biobío
2016,8,5,ANCHOVETA,130000,27,1,2016-05-01,Región 8,VIII - Biobío
2017,8,3,ANCHOVETA,100000,2395,2,2017-03-01,Región 8,VIII - Biobío
2017,8,4,ANCHOVETA,130349,689,2,2017-04-01,Región 8,VIII - Biobío
2017,8,5,ANCHOVETA,111783.85601577909,507,2,2017-05-01,Región 8,VIII - Biobío
2017,8,6,ANCHOVETA,130108,68,1,2017-06-01,Región 8,VIII - Biobío
2017,8,10,ANCHOVETA,95000,318,1,2017-10-01,Región 8,VIII - Biobío
2017,8,11,ANCHOVETA,96041,1746,1,2017-11-01,Región 8,VIII - Biobío
2017,8,12,ANCHOVETA,97031,1405,1,2017-12-01,Región 8,VIII - Biobío
2018,8,2,ANCHOVETA,215570,121.664,1,2018-02-01,Región 8,VIII - Biobío
2018,8,3,ANCHOVETA,131071.00000000003,2179.8199999999997,2,2018-03-01,Región 8,VIII - Biobío
2018,8,4,ANCHOVETA,146955,2001.551,2,2018-04-01,Región 8,VIII - Biobío
2018,8,5,ANCHOVETA,146284,690.259,1,2018-05-01,Región 8,VIII - Biobío
2018,8,6,ANCHOVETA,155509,1422.8880000000001,1,2018-06-01,Región 8,VIII - Biobío
2018,8,10,ANCHOVETA,139712,29.837,1,2018-10-01,Región 8,VIII - Biobío
2018,8,11,ANCHOVETA,155022,734.3719999999998,1,2018-11-01,Región 8,VIII - Biobío
2018,8,12,ANCHOVETA,179945,124.50099999999999,1,2018-12-01,Región 8,VIII - Biobío
2019,8,3,ANCHOVETA,145888,3388.4300000000003,1,2019-03-01,Región 8,VIII - Biobío
2019,8,4,ANCHOVETA,156103,4470.09,1,2019-04-01,Región 8,VIII - Biobío
2019,8,5,ANCHOVETA,176030,1529.42,1,2019-05-01,Región 8,VIII - Biobío
2019,8,6,ANCHOVETA,162996,576.91,1,2019-06-01,Región 8,VIII - Biobío
2019,8,7,ANCHOVETA,84863,58.38999999999999,1,2019-07-01,Región 8,VIII - Biobío
2019,8,11,ANCHOVETA,157711,3420.239999999999,1,2019-11-01,Región 8,VIII - Biobío
2019,8,12,ANCHOVETA,157064.7969890759,1103.98,2,2019-12-01,Región 8,VIII - Biobío
2020,8,3,ANCHOVETA,135960,549.851,2,2020-03-01,Región 8,VIII - Biobío
2020,8,4,ANCHOVETA,162317,5394.833999999998,2,2020-04-01,Región 8,VIII - Biobío
2020,8,5,ANCHOVETA,180163,2146.339,2,2020-05-01,Región 8,VIII - Biobío
2020,8,6,ANCHOVETA,172458,928.686,1,2020-06-01,Región 8,VIII - Biobío
2020,8,7,ANCHOVETA,174124,852.523,1,2020-07-01,Región 8,VIII - Biobío
2020,8,11,ANCHOVETA,191823,3814.9709999999995,1,2020-11-01,Región 8,VIII - Biobío
2020,8,12,ANCHOVETA,263052,243.29,1,2020-12-01,Región 8,VIII - Biobío
2021,8,3,ANCHOVETA,150719.2315607189,11630.185000000003,2,2021-03-01,Región 8,VIII - Biobío
2021,8,4,ANCHOVETA,170640.079964694,3680.9619999999995,2,2021-04-01,Región 8,VIII - Biobío
2021,8,5,ANCHOVETA,168692.22417211713,4515.343000000001,2,2021-05-01,Región 8,VIII - Biobío
2021,8,6,ANCHOVETA,189262,935.9459999999998,1,2021-06-01,Región 8,VIII - Biobío
2021,8,7,ANCHOVETA,144209,1013.8779999999999,1,2021-07-01,Región 8,VIII - Biobío
2021,8,11,ANCHOVETA,161025,896.387,1,2021-11-01,Región 8,VIII - Biobío
2021,8,12,ANCHOVETA,162192,81.723,1,2021-12-01,Región 8,VIII - Biobío
2022,8,3,ANCHOVETA,163765.55081971476,26705.876,2,2022-03-01,Región 8,VIII - Biobío
2022,8,4,ANCHOVETA,175099.582980867,21036.289,2,2022-04-01,Región 8,VIII - Biobío
2022,8,5,ANCHOVETA,183995.3598910096,5880.8859999999995,2,2022-05-01,Región 8,VIII - Biobío
2022,8,6,ANCHOVETA,192361.1562961795,2752.844,2,2022-06-01,Región 8,VIII - Biobío
2022,8,7,ANCHOVETA,228717,142.201,1,2022-07-01,Región 8,VIII - Biobío
2022,8,10,ANCHOVETA,203429,76.189,1,2022-10-01,Región 8,VIII - Biobío
2022,8,11,ANCHOVETA,179410.7960490228,5512.864,2,2022-11-01,Región 8,VIII - Biobío
2022,8,12,ANCHOVETA,140000,22.916,1,2022-12-01,Región 8,VIII - Biobío
2023,8,3,ANCHOVETA,175983.3201039592,11024.708999999999,2,2023-03-01,Región 8,VIII - Biobío
2023,8,4,ANCHOVETA,179682.66154268375,15708.093,2,2023-04-01,Región 8,VIII - Biobío
2023,8,5,ANCHOVETA,195882.4266821966,11535.601999999999,2,2023-05-01,Región 8,VIII - Biobío
2023,8,6,ANCHOVETA,206333.69387739126,9708.476,2,2023-06-01,Región 8,VIII - Biobío
2023,8,7,ANCHOVETA,231000,1811.776,1,2023-07-01,Región 8,VIII - Biobío
2023,8,10,ANCHOVETA,271000,423.358,1,2023-10-01,Región 8,VIII - Biobío
2023,8,11,ANCHOVETA,219581.40616597506,6802.298000000001,2,2023-11-01,Región 8,VIII - Biobío
2023,8,12,ANCHOVETA,195176.6038930837,707.357,2,2023-12-01,Región 8,VIII - Biobío
2024,8,3,ANCHOVETA,190000,2137.582,1,2024-03-01,Región 8,VIII - Biobío
2024,8,4,ANCHOVETA,190000,1276.102,1,2024-04-01,Región 8,VIII - Biobío
2024,8,5,ANCHOVETA,190000,3197.828,1,2024-05-01,Región 8,VIII - Biobío
2024,8,6,ANCHOVETA,190000,47.861,1,2024-06-01,Región 8,VIII - Biobío
2012,8,1,JUREL,186097.63210888134,14401,4,2012-01-01,Región 8,VIII - Biobío
2012,8,2,JUREL,208000,201,1,2012-02-01,Región 8,VIII - Biobío
2012,8,9,JUREL,227000,1021,1,2012-09-01,Región 8,VIII - Biobío
2012,8,12,JUREL,150000,1452,1,2012-12-01,Región 8,VIII - Biobío
2013,8,1,JUREL,181769.49695014246,8492.2,3,2013-01-01,Región 8,VIII - Biobío
2013,8,2,JUREL,161076.96978356733,9427.089,2,2013-02-01,Región 8,VIII - Biobío
2013,8,12,JUREL,206600.36806662698,1580.021,2,2013-12-01,Región 8,VIII - Biobío
2014,8,1,JUREL,189993.09442679194,9968.675000000001,2,2014-01-01,Región 8,VIII - Biobío
2014,8,2,JUREL,220000.00000000003,3861.9260000000004,1,2014-02-01,Región 8,VIII - Biobío
2014,8,3,JUREL,220000,1565.656,1,2014-03-01,Región 8,VIII - Biobío
2014,8,4,JUREL,220000,5133.715,1,2014-04-01,Región 8,VIII - Biobío
2014,8,5,JUREL,219999.99999999997,1689.4340000000002,1,2014-05-01,Región 8,VIII - Biobío
2014,8,6,JUREL,220000,297.951,1,2014-06-01,Región 8,VIII - Biobío
2014,8,8,JUREL,220000,890.346,1,2014-08-01,Región 8,VIII - Biobío
2014,8,10,JUREL,220000.00000000003,871.8770000000001,1,2014-10-01,Región 8,VIII - Biobío
2014,8,12,JUREL,220000,2621.12,1,2014-12-01,Región 8,VIII - Biobío
2015,8,2,JUREL,199999.99999999997,24.959999999999997,1,2015-02-01,Región 8,VIII - Biobío
2015,8,3,JUREL,200000,205.852,1,2015-03-01,Región 8,VIII - Biobío
2015,8,5,JUREL,200000,7715.591,1,2015-05-01,Región 8,VIII - Biobío
2015,8,12,JUREL,176345,1845.1970000000001,1,2015-12-01,Región 8,VIII - Biobío
2016,8,1,JUREL,391266.5115725917,10931,2,2016-01-01,Región 8,VIII - Biobío
2016,8,2,JUREL,405280.86529006885,5085,2,2016-02-01,Región 8,VIII - Biobío
2016,8,3,JUREL,200000,734,1,2016-03-01,Región 8,VIII - Biobío
2016,8,4,JUREL,200000,3841,1,2016-04-01,Región 8,VIII - Biobío
2016,8,5,JUREL,200000,2897,1,2016-05-01,Región 8,VIII - Biobío
2016,8,6,JUREL,200000,3606,1,2016-06-01,Región 8,VIII - Biobío
2016,8,7,JUREL,200000,511,1,2016-07-01,Región 8,VIII - Biobío
2016,8,12,JUREL,200000,126,1,2016-12-01,Región 8,VIII - Biobío
2017,8,1,JUREL,231200.868798688,4878,3,2017-01-01,Región 8,VIII - Biobío
2017,8,3,JUREL,240000,2095,1,2017-03-01,Región 8,VIII - Biobío
2017,8,4,JUREL,240000,2895,1,2017-04-01,Región 8,VIII - Biobío
2017,8,5,JUREL,240000,3620,1,2017-05-01,Región 8,VIII - Biobío
2017,8,6,JUREL,240000,3107,1,2017-06-01,Región 8,VIII - Biobío
2017,8,7,JUREL,240000,2409,1,2017-07-01,Región 8,VIII - Biobío
2017,8,8,JUREL,240000,1025,1,2017-08-01,Región 8,VIII - Biobío
2018,8,1,JUREL,222489.86066774765,25656.735175,4,2018-01-01,Región 8,VIII - Biobío
2018,8,2,JUREL,228507.75247705658,16437.074896,3,2018-02-01,Región 8,VIII - Biobío
2018,8,3,JUREL,230000,3221.504,1,2018-03-01,Región 8,VIII - Biobío
2018,8,4,JUREL,229999.99999999997,4204.216,1,2018-04-01,Región 8,VIII - Biobío
2018,8,5,JUREL,230000,4946.322,1,2018-05-01,Región 8,VIII - Biobío
2018,8,6,JUREL,230000.00000000003,2998.624,1,2018-06-01,Región 8,VIII - Biobío
2018,8,7,JUREL,209571.96904001725,8917.09282,2,2018-07-01,Región 8,VIII - Biobío
2018,8,8,JUREL,210171.4854725694,4468.935756000001,2,2018-08-01,Región 8,VIII - Biobío
2018,8,9,JUREL,200000,80.23,1,2018-09-01,Región 8,VIII - Biobío
2018,8,12,JUREL,211338.17607319058,9468.130580000001,2,2018-12-01,Región 8,VIII - Biobío
2019,8,1,JUREL,237792.82820874074,11370.66,2,2019-01-01,Región 8,VIII - Biobío
2019,8,2,JUREL,230000,5272.96,1,2019-02-01,Región 8,VIII - Biobío
2019,8,3,JUREL,230000.00000000003,5683.8499999999995,1,2019-03-01,Región 8,VIII - Biobío
2019,8,4,JUREL,230000,5982.609999999999,1,2019-04-01,Región 8,VIII - Biobío
2019,8,5,JUREL,230000,3740.869999999999,1,2019-05-01,Región 8,VIII - Biobío
2019,8,6,JUREL,230000,3986.58,1,2019-06-01,Región 8,VIII - Biobío
2019,8,7,JUREL,230000.00000000003,997.5699999999999,1,2019-07-01,Región 8,VIII - Biobío
2019,8,12,JUREL,230000,1800.3400000000004,1,2019-12-01,Región 8,VIII - Biobío
2020,8,1,JUREL,240811.09403464888,25999.14,3,2020-01-01,Región 8,VIII - Biobío
2020,8,2,JUREL,220251.3319498468,10768.928000000002,2,2020-02-01,Región 8,VIII - Biobío
2020,8,3,JUREL,189011.62699754108,6540.729000000001,2,2020-03-01,Región 8,VIII - Biobío
2020,8,4,JUREL,189168.7731321334,12422.005999999998,3,2020-04-01,Región 8,VIII - Biobío
2020,8,5,JUREL,180163,2794.6610000000005,1,2020-05-01,Región 8,VIII - Biobío
2020,8,6,JUREL,213656.20727901175,8228.04,2,2020-06-01,Región 8,VIII - Biobío
2020,8,7,JUREL,210000,1684.0600000000002,1,2020-07-01,Región 8,VIII - Biobío
2021,8,1,JUREL,240000,15788.829,2,2021-01-01,Región 8,VIII - Biobío
2021,8,2,JUREL,239999.99999999997,5414.895,1,2021-02-01,Región 8,VIII - Biobío
2021,8,3,JUREL,240000,6944.81,1,2021-03-01,Región 8,VIII - Biobío
2021,8,4,JUREL,240000,8102.28,1,2021-04-01,Región 8,VIII - Biobío
2021,8,5,JUREL,240000,7515.709999999999,1,2021-05-01,Región 8,VIII - Biobío
2021,8,6,JUREL,240000,8210.850000000004,1,2021-06-01,Región 8,VIII - Biobío
2022,8,11,JUREL,245000,460.799,1,2022-11-01,Región 8,VIII - Biobío
2022,8,12,JUREL,245000,1804.84,1,2022-12-01,Región 8,VIII - Biobío
2023,8,1,JUREL,290000,12740.93,1,2023-01-01,Región 8,VIII - Biobío
2023,8,2,JUREL,290000,21805.724,1,2023-02-01,Región 8,VIII - Biobío
2023,8,3,JUREL,290000,1290.983,1,2023-03-01,Región 8,VIII - Biobío
2023,8,4,JUREL,290000,5806.167,1,2023-04-01,Región 8,VIII - Biobío
2023,8,5,JUREL,290000,15996.909,1,2023-05-01,Región 8,VIII - Biobío
2023,8,6,JUREL,290000,4613.623,1,2023-06-01,Región 8,VIII - Biobío
2023,8,11,JUREL,290000,3132.814,1,2023-11-01,Región 8,VIII - Biobío
2024,8,1,JUREL,300000,20710.696,1,2024-01-01,Región 8,VIII - Biobío
2024,8,3,JUREL,300000,9308.235,1,2024-03-01,Región 8,VIII - Biobío
2024,8,4,JUREL,300000,19174.806,1,2024-04-01,Región 8,VIII - Biobío
2024,8,5,JUREL,300000,9106.494,1,2024-05-01,Región 8,VIII - Biobío
2012,8,2,SARDINA COMUN,68471.82425978988,10470,2,2012-02-01,Región 8,VIII - Biobío
2012,8,3,SARDINA COMUN,66178.71411027685,128658,8,2012-03-01,Región 8,VIII - Biobío
2012,8,4,SARDINA COMUN,70735.29149183109,100809,8,2012-04-01,Región 8,VIII - Biobío
2012,8,5,SARDINA COMUN,76262.17170345657,25777,6,2012-05-01,Región 8,VIII - Biobío
2012,8,6,SARDINA COMUN,83549.03064415259,15990,5,2012-06-01,Región 8,VIII - Biobío
2012,8,7,SARDINA COMUN,77932.40246406572,24350,4,2012-07-01,Región 8,VIII - Biobío
2012,8,8,SARDINA COMUN,83320.57745187901,8728,4,2012-08-01,Región 8,VIII - Biobío
2012,8,9,SARDINA COMUN,84000,1092,1,2012-09-01,Región 8,VIII - Biobío
2012,8,10,SARDINA COMUN,85812.37121898953,24266,7,2012-10-01,Región 8,VIII - Biobío
2012,8,11,SARDINA COMUN,87127.58248535306,51888,6,2012-11-01,Región 8,VIII - Biobío
2012,8,12,SARDINA COMUN,89941.91432670629,24395,6,2012-12-01,Región 8,VIII - Biobío
2013,8,2,SARDINA COMUN,149998,448.73199999999997,1,2013-02-01,Región 8,VIII - Biobío
2013,8,3,SARDINA COMUN,115389.1391665176,35775.2,8,2013-03-01,Región 8,VIII - Biobío
2013,8,4,SARDINA COMUN,153671.20759704852,10737.749000000002,5,2013-04-01,Región 8,VIII - Biobío
2013,8,5,SARDINA COMUN,134700.92407478509,12011.912,5,2013-05-01,Región 8,VIII - Biobío
2013,8,6,SARDINA COMUN,177714.95378072452,6083.133,5,2013-06-01,Región 8,VIII - Biobío
2013,8,7,SARDINA COMUN,159244.25570075045,13946.541,3,2013-07-01,Región 8,VIII - Biobío
2013,8,10,SARDINA COMUN,129977.70073039905,5303.813,3,2013-10-01,Región 8,VIII - Biobío
2013,8,11,SARDINA COMUN,209274.81948404445,17026.157000000003,3,2013-11-01,Región 8,VIII - Biobío
2013,8,12,SARDINA COMUN,312459.49566206284,11369.805,3,2013-12-01,Región 8,VIII - Biobío
2014,8,3,SARDINA COMUN,89951.45007449009,79555.542,6,2014-03-01,Región 8,VIII - Biobío
2014,8,4,SARDINA COMUN,92080.23777414617,44887.458000000006,6,2014-04-01,Región 8,VIII - Biobío
2014,8,5,SARDINA COMUN,96504.52194822184,21177.342,4,2014-05-01,Región 8,VIII - Biobío
2014,8,6,SARDINA COMUN,96424.1940772372,18879.061,3,2014-06-01,Región 8,VIII - Biobío
2014,8,7,SARDINA COMUN,95921.20190304013,17433.789,3,2014-07-01,Región 8,VIII - Biobío
2014,8,10,SARDINA COMUN,103280.61170484855,11905.561999999998,3,2014-10-01,Región 8,VIII - Biobío
2014,8,11,SARDINA COMUN,107879.04346300907,9190.643,3,2014-11-01,Región 8,VIII - Biobío
2014,8,12,SARDINA COMUN,121964.80825979856,836.679,2,2014-12-01,Región 8,VIII - Biobío
2015,8,2,SARDINA COMUN,100000,146.542,1,2015-02-01,Región 8,VIII - Biobío
2015,8,3,SARDINA COMUN,119660.2504398007,20178.415963999996,4,2015-03-01,Región 8,VIII - Biobío
2015,8,4,SARDINA COMUN,112502.83501309162,34631.669,4,2015-04-01,Región 8,VIII - Biobío
2015,8,5,SARDINA COMUN,114376.88936733767,22558.085000000003,4,2015-05-01,Región 8,VIII - Biobío
2015,8,6,SARDINA COMUN,103816.5394888139,3730.031,2,2015-06-01,Región 8,VIII - Biobío
2015,8,7,SARDINA COMUN,100747.20421567453,1610.371,2,2015-07-01,Región 8,VIII - Biobío
2015,8,10,SARDINA COMUN,129711.99999999999,2660.977,1,2015-10-01,Región 8,VIII - Biobío
2015,8,11,SARDINA COMUN,127986.27947659785,13129.178000000002,2,2015-11-01,Región 8,VIII - Biobío
2015,8,12,SARDINA COMUN,126525.05622636188,2510.2459999999996,2,2015-12-01,Región 8,VIII - Biobío
2016,8,2,SARDINA COMUN,120000,3156,1,2016-02-01,Región 8,VIII - Biobío
2016,8,3,SARDINA COMUN,120182.19186545392,5827,2,2016-03-01,Región 8,VIII - Biobío
2016,8,4,SARDINA COMUN,119163.40271493213,884,2,2016-04-01,Región 8,VIII - Biobío
2016,8,5,SARDINA COMUN,120000,1482,1,2016-05-01,Región 8,VIII - Biobío
2016,8,6,SARDINA COMUN,120000,4946,1,2016-06-01,Región 8,VIII - Biobío
2016,8,7,SARDINA COMUN,126616.03534777652,7016,3,2016-07-01,Región 8,VIII - Biobío
2016,8,10,SARDINA COMUN,121613.99881270407,10107,3,2016-10-01,Región 8,VIII - Biobío
2016,8,11,SARDINA COMUN,121985.78898280385,20586,4,2016-11-01,Región 8,VIII - Biobío
2016,8,12,SARDINA COMUN,119736.04076590488,8095,4,2016-12-01,Región 8,VIII - Biobío
2017,8,2,SARDINA COMUN,100000,1090,1,2017-02-01,Región 8,VIII - Biobío
2017,8,3,SARDINA COMUN,103819.11794398454,69338,4,2017-03-01,Región 8,VIII - Biobío
2017,8,4,SARDINA COMUN,115341.17703431162,11687,4,2017-04-01,Región 8,VIII - Biobío
2017,8,5,SARDINA COMUN,110619.45370055537,8823,4,2017-05-01,Región 8,VIII - Biobío
2017,8,6,SARDINA COMUN,105749.42285714285,1400,3,2017-06-01,Región 8,VIII - Biobío
2017,8,7,SARDINA COMUN,97534.69526074402,5887,5,2017-07-01,Región 8,VIII - Biobío
2017,8,10,SARDINA COMUN,106444.96859400999,9616,5,2017-10-01,Región 8,VIII - Biobío
2017,8,11,SARDINA COMUN,133948.4129545097,12706,5,2017-11-01,Región 8,VIII - Biobío
2017,8,12,SARDINA COMUN,101519.72331098505,3878,5,2017-12-01,Región 8,VIII - Biobío
2018,8,2,SARDINA COMUN,174455.20454043007,2076.191,2,2018-02-01,Región 8,VIII - Biobío
2018,8,3,SARDINA COMUN,120035.14079139313,76730.841,6,2018-03-01,Región 8,VIII - Biobío
2018,8,4,SARDINA COMUN,126403.12472957987,51220.304000000004,6,2018-04-01,Región 8,VIII - Biobío
2018,8,5,SARDINA COMUN,110376.62295306468,15940.599000000002,5,2018-05-01,Región 8,VIII - Biobío
2018,8,6,SARDINA COMUN,132146.44820132843,10406.319,4,2018-06-01,Región 8,VIII - Biobío
2018,8,7,SARDINA COMUN,102807,69.04,1,2018-07-01,Región 8,VIII - Biobío
2018,8,10,SARDINA COMUN,112693.17143721311,3408.7290000000003,4,2018-10-01,Región 8,VIII - Biobío
2018,8,11,SARDINA COMUN,120079.85500013742,18301.107,5,2018-11-01,Región 8,VIII - Biobío
2018,8,12,SARDINA COMUN,133103.00899812047,2583.0950000000003,5,2018-12-01,Región 8,VIII - Biobío
2019,8,3,SARDINA COMUN,121116.32248940528,33608.66999999999,4,2019-03-01,Región 8,VIII - Biobío
2019,8,4,SARDINA COMUN,122120.1156675519,21941.59,4,2019-04-01,Región 8,VIII - Biobío
2019,8,5,SARDINA COMUN,117882.74286899084,8440.25,4,2019-05-01,Región 8,VIII - Biobío
2019,8,6,SARDINA COMUN,117276.92547724859,1986.91,4,2019-06-01,Región 8,VIII - Biobío
2019,8,7,SARDINA COMUN,112104.6887907378,1913.1499999999999,3,2019-07-01,Región 8,VIII - Biobío
2019,8,11,SARDINA COMUN,130243.39703571922,9712.98,3,2019-11-01,Región 8,VIII - Biobío
2019,8,12,SARDINA COMUN,134193.26829572694,6249.82,5,2019-12-01,Región 8,VIII - Biobío
2020,8,3,SARDINA COMUN,141541.96946013876,9343.068000000001,4,2020-03-01,Región 8,VIII - Biobío
2020,8,4,SARDINA COMUN,151938.5267921938,38920.833,4,2020-04-01,Región 8,VIII - Biobío
2020,8,5,SARDINA COMUN,161253.7613619862,13572.912999999999,4,2020-05-01,Región 8,VIII - Biobío
2020,8,6,SARDINA COMUN,153473.86592567948,2052.757,3,2020-06-01,Región 8,VIII - Biobío
2020,8,7,SARDINA COMUN,170707.4114135837,834.97,2,2020-07-01,Región 8,VIII - Biobío
2020,8,11,SARDINA COMUN,158105.35953720604,4921.499,3,2020-11-01,Región 8,VIII - Biobío
2020,8,12,SARDINA COMUN,169271.10800736642,4068.2039999999997,3,2020-12-01,Región 8,VIII - Biobío
2021,8,3,SARDINA COMUN,144425.82069892983,44265.95999999999,3,2021-03-01,Región 8,VIII - Biobío
2021,8,4,SARDINA COMUN,147596.76470616524,17259.547000000002,3,2021-04-01,Región 8,VIII - Biobío
2021,8,5,SARDINA COMUN,151221.00129293575,2971.5319999999992,3,2021-05-01,Región 8,VIII - Biobío
2021,8,6,SARDINA COMUN,176852.7157586326,394.55199999999996,2,2021-06-01,Región 8,VIII - Biobío
2021,8,7,SARDINA COMUN,144209,336.662,1,2021-07-01,Región 8,VIII - Biobío
2021,8,11,SARDINA COMUN,147465.73034421893,983.502,2,2021-11-01,Región 8,VIII - Biobío
2022,8,3,SARDINA COMUN,182376,19420.5,1,2022-03-01,Región 8,VIII - Biobío
2022,8,4,SARDINA COMUN,185527,4983.149,1,2022-04-01,Región 8,VIII - Biobío
2022,8,5,SARDINA COMUN,197958,1262.83,1,2022-05-01,Región 8,VIII - Biobío
2022,8,6,SARDINA COMUN,186367,562.275,1,2022-06-01,Región 8,VIII - Biobío
2022,8,7,SARDINA COMUN,231917,163.366,1,2022-07-01,Región 8,VIII - Biobío
2022,8,10,SARDINA COMUN,206435,1288.961,1,2022-10-01,Región 8,VIII - Biobío
2022,8,11,SARDINA COMUN,186638.436469386,3188.148,2,2022-11-01,Región 8,VIII - Biobío
2022,8,12,SARDINA COMUN,140000,121.379,1,2022-12-01,Región 8,VIII - Biobío
2023,8,3,SARDINA COMUN,177881.75766877903,51485.673,2,2023-03-01,Región 8,VIII - Biobío
2023,8,4,SARDINA COMUN,186545.15640408322,24271.585,2,2023-04-01,Región 8,VIII - Biobío
2023,8,5,SARDINA COMUN,193971.28200244685,8526.848,2,2023-05-01,Región 8,VIII - Biobío
2023,8,6,SARDINA COMUN,207218.04274874038,2324.934,2,2023-06-01,Región 8,VIII - Biobío
2023,8,7,SARDINA COMUN,231000,367.149,1,2023-07-01,Región 8,VIII - Biobío
2023,8,10,SARDINA COMUN,271000,207.792,1,2023-10-01,Región 8,VIII - Biobío
2023,8,11,SARDINA COMUN,246000,3306.15,1,2023-11-01,Región 8,VIII - Biobío
2023,8,12,SARDINA COMUN,222999.99999999997,766.363,1,2023-12-01,Región 8,VIII - Biobío
2024,8,3,SARDINA COMUN,190000,3112.291,1,2024-03-01,Región 8,VIII - Biobío
2024,8,4,SARDINA COMUN,190000,498.119,1,2024-04-01,Región 8,VIII - Biobío
2024,8,5,SARDINA COMUN,190000,262.32,1,2024-05-01,Región 8,VIII - Biobío
2024,8,6,SARDINA COMUN,190000,2.792,1,2024-06-01,Región 8,VIII - Biobío
2016,10,1,ANCHOVETA,117678,52,1,2016-01-01,Región 10,X - Los Lagos
2016,10,2,ANCHOVETA,97867,199,1,2016-02-01,Región 10,X - Los Lagos
2016,10,3,ANCHOVETA,121408,35,1,2016-03-01,Región 10,X - Los Lagos
2016,10,4,ANCHOVETA,113888,99,1,2016-04-01,Región 10,X - Los Lagos
2014,10,2,SARDINA COMUN,90170,28.03,1,2014-02-01,Región 10,X - Los Lagos
2014,10,3,SARDINA COMUN,93150,56.55,1,2014-03-01,Región 10,X - Los Lagos
2014,10,4,SARDINA COMUN,95420,32.6,1,2014-04-01,Región 10,X - Los Lagos
2014,10,5,SARDINA COMUN,93070,104.74,1,2014-05-01,Región 10,X - Los Lagos
2014,10,7,SARDINA COMUN,115459.99999999999,323.072,1,2014-07-01,Región 10,X - Los Lagos
2014,10,8,SARDINA COMUN,119060,25.4,1,2014-08-01,Región 10,X - Los Lagos
2014,10,11,SARDINA COMUN,120656,1128.15,1,2014-11-01,Región 10,X - Los Lagos
2014,10,12,SARDINA COMUN,130250.00000000001,542.92,1,2014-12-01,Región 10,X - Los Lagos
2015,10,11,SARDINA COMUN,129699,440.44999999999993,1,2015-11-01,Región 10,X - Los Lagos
2016,10,1,SARDINA COMUN,117678,151,1,2016-01-01,Región 10,X - Los Lagos
2016,10,2,SARDINA COMUN,97867,191,1,2016-02-01,Región 10,X - Los Lagos
2016,10,3,SARDINA COMUN,121408,104,1,2016-03-01,Región 10,X - Los Lagos
2016,10,4,SARDINA COMUN,113888,173,1,2016-04-01,Región 10,X - Los Lagos
2013,14,2,ANCHOVETA,92055,109.821,1,2013-02-01,Región 14,XIV - Los Ríos
2013,14,3,ANCHOVETA,91673.99999999999,233.34900000000002,1,2013-03-01,Región 14,XIV - Los Ríos
2013,14,4,ANCHOVETA,100221,439.697,1,2013-04-01,Región 14,XIV - Los Ríos
2013,14,5,ANCHOVETA,106553,479.30199999999996,1,2013-05-01,Región 14,XIV - Los Ríos
2013,14,6,ANCHOVETA,121400.00000000001,950.2229999999998,1,2013-06-01,Región 14,XIV - Los Ríos
2013,14,7,ANCHOVETA,111689,176.412,1,2013-07-01,Región 14,XIV - Los Ríos
2013,14,10,ANCHOVETA,77819,10.699,1,2013-10-01,Región 14,XIV - Los Ríos
2013,14,11,ANCHOVETA,84664,323.903,1,2013-11-01,Región 14,XIV - Los Ríos
2013,14,12,ANCHOVETA,84480,588.2120000000001,1,2013-12-01,Región 14,XIV - Los Ríos
2014,14,2,ANCHOVETA,88495,615.568,1,2014-02-01,Región 14,XIV - Los Ríos
2014,14,3,ANCHOVETA,92640.00000000001,117.158,1,2014-03-01,Región 14,XIV - Los Ríos
2014,14,4,ANCHOVETA,95512,117.83300000000001,1,2014-04-01,Región 14,XIV - Los Ríos
2014,14,5,ANCHOVETA,97304,60.785,1,2014-05-01,Región 14,XIV - Los Ríos
2014,14,6,ANCHOVETA,97315.99999999999,45.599000000000004,1,2014-06-01,Región 14,XIV - Los Ríos
2014,14,11,ANCHOVETA,119783.99999999999,43.675,1,2014-11-01,Región 14,XIV - Los Ríos
2015,14,7,ANCHOVETA,119322.99999999999,2.823,1,2015-07-01,Región 14,XIV - Los Ríos
2015,14,10,ANCHOVETA,126881,9.297,1,2015-10-01,Región 14,XIV - Los Ríos
2015,14,11,ANCHOVETA,129496,97.672,1,2015-11-01,Región 14,XIV - Los Ríos
2015,14,12,ANCHOVETA,136479,238.945,1,2015-12-01,Región 14,XIV - Los Ríos
2018,14,10,ANCHOVETA,126345.99999999999,134.154,1,2018-10-01,Región 14,XIV - Los Ríos
2018,14,11,ANCHOVETA,136231,122.45600000000002,1,2018-11-01,Región 14,XIV - Los Ríos
2018,14,12,ANCHOVETA,159033,35.739,1,2018-12-01,Región 14,XIV - Los Ríos
2019,14,2,ANCHOVETA,116019,9.41,1,2019-02-01,Región 14,XIV - Los Ríos
2019,14,3,ANCHOVETA,140456,129.51,1,2019-03-01,Región 14,XIV - Los Ríos
2019,14,4,ANCHOVETA,139136,112.12,1,2019-04-01,Región 14,XIV - Los Ríos
2019,14,5,ANCHOVETA,134852,1034.24,1,2019-05-01,Región 14,XIV - Los Ríos
2019,14,6,ANCHOVETA,135151,2486.1000000000004,1,2019-06-01,Región 14,XIV - Los Ríos
2019,14,7,ANCHOVETA,182213,96.69,1,2019-07-01,Región 14,XIV - Los Ríos
2019,14,11,ANCHOVETA,155229,1406.4299999999998,1,2019-11-01,Región 14,XIV - Los Ríos
2019,14,12,ANCHOVETA,149748,849.16,1,2019-12-01,Región 14,XIV - Los Ríos
2020,14,2,ANCHOVETA,124176,1714.996,1,2020-02-01,Región 14,XIV - Los Ríos
2020,14,3,ANCHOVETA,134485,1136.6090000000002,1,2020-03-01,Región 14,XIV - Los Ríos
2020,14,4,ANCHOVETA,145413,562.103,1,2020-04-01,Región 14,XIV - Los Ríos
2020,14,5,ANCHOVETA,149787,1140.022,1,2020-05-01,Región 14,XIV - Los Ríos
2020,14,6,ANCHOVETA,146279,585.258,1,2020-06-01,Región 14,XIV - Los Ríos
2020,14,2,JUREL,200000,1084.462,1,2020-02-01,Región 14,XIV - Los Ríos
2012,14,2,SARDINA COMUN,67000,7567,1,2012-02-01,Región 14,XIV - Los Ríos
2012,14,3,SARDINA COMUN,62000,20491,1,2012-03-01,Región 14,XIV - Los Ríos
2012,14,4,SARDINA COMUN,67000,16571,1,2012-04-01,Región 14,XIV - Los Ríos
2012,14,5,SARDINA COMUN,74000,13048,1,2012-05-01,Región 14,XIV - Los Ríos
2012,14,6,SARDINA COMUN,86000,2429,1,2012-06-01,Región 14,XIV - Los Ríos
2012,14,7,SARDINA COMUN,79000,1934,1,2012-07-01,Región 14,XIV - Los Ríos
2012,14,8,SARDINA COMUN,76000,5028,1,2012-08-01,Región 14,XIV - Los Ríos
2012,14,10,SARDINA COMUN,78000,9263,1,2012-10-01,Región 14,XIV - Los Ríos
2012,14,11,SARDINA COMUN,83000,21790,1,2012-11-01,Región 14,XIV - Los Ríos
2012,14,12,SARDINA COMUN,93000,20076,1,2012-12-01,Región 14,XIV - Los Ríos
2013,14,2,SARDINA COMUN,92055,7538.711,1,2013-02-01,Región 14,XIV - Los Ríos
2013,14,3,SARDINA COMUN,91674,9363.041,1,2013-03-01,Región 14,XIV - Los Ríos
2013,14,4,SARDINA COMUN,100221,6207.649,1,2013-04-01,Región 14,XIV - Los Ríos
2013,14,5,SARDINA COMUN,106553.00000000001,5176.484999999999,1,2013-05-01,Región 14,XIV - Los Ríos
2013,14,6,SARDINA COMUN,121400,2467.197,1,2013-06-01,Región 14,XIV - Los Ríos
2013,14,7,SARDINA COMUN,111689,2761.5110000000004,1,2013-07-01,Región 14,XIV - Los Ríos
2013,14,10,SARDINA COMUN,77819,1400.845,1,2013-10-01,Región 14,XIV - Los Ríos
2013,14,11,SARDINA COMUN,84664,2814.5519999999997,1,2013-11-01,Región 14,XIV - Los Ríos
2013,14,12,SARDINA COMUN,84480,7148.675,1,2013-12-01,Región 14,XIV - Los Ríos
2014,14,2,SARDINA COMUN,88494.99999999999,12416.102999999997,1,2014-02-01,Región 14,XIV - Los Ríos
2014,14,3,SARDINA COMUN,92640,21110.927999999993,1,2014-03-01,Región 14,XIV - Los Ríos
2014,14,4,SARDINA COMUN,95512,15619.314999999999,1,2014-04-01,Región 14,XIV - Los Ríos
2014,14,5,SARDINA COMUN,97304,6100.419000000001,1,2014-05-01,Región 14,XIV - Los Ríos
2014,14,6,SARDINA COMUN,97316,6490.853999999999,1,2014-06-01,Región 14,XIV - Los Ríos
2014,14,7,SARDINA COMUN,98674,7414.426999999999,1,2014-07-01,Región 14,XIV - Los Ríos
2014,14,10,SARDINA COMUN,118828,3055.3540000000003,1,2014-10-01,Región 14,XIV - Los Ríos
2014,14,11,SARDINA COMUN,119784,10724.679999999995,1,2014-11-01,Región 14,XIV - Los Ríos
2014,14,12,SARDINA COMUN,127349,2373.725,1,2014-12-01,Región 14,XIV - Los Ríos
2015,14,7,SARDINA COMUN,119323,2212.2440000000006,1,2015-07-01,Región 14,XIV - Los Ríos
2015,14,8,SARDINA COMUN,124018,883.565,1,2015-08-01,Región 14,XIV - Los Ríos
2015,14,10,SARDINA COMUN,126881,7691.029000000001,1,2015-10-01,Región 14,XIV - Los Ríos
2015,14,11,SARDINA COMUN,129496,3825.9060000000004,1,2015-11-01,Región 14,XIV - Los Ríos
2015,14,12,SARDINA COMUN,136479,5940.495,1,2015-12-01,Región 14,XIV - Los Ríos
2018,14,7,SARDINA COMUN,103055,1120.282,1,2018-07-01,Región 14,XIV - Los Ríos
2018,14,10,SARDINA COMUN,126346,7401.209000000001,1,2018-10-01,Región 14,XIV - Los Ríos
2018,14,11,SARDINA COMUN,136231,8227.280999999999,1,2018-11-01,Región 14,XIV - Los Ríos
2018,14,12,SARDINA COMUN,159033,1912.6660000000002,1,2018-12-01,Región 14,XIV - Los Ríos
2019,14,2,SARDINA COMUN,116079,11544.529999999999,1,2019-02-01,Región 14,XIV - Los Ríos
2019,14,3,SARDINA COMUN,140456,14532.449999999997,1,2019-03-01,Región 14,XIV - Los Ríos
2019,14,4,SARDINA COMUN,139862,11974.369999999999,1,2019-04-01,Región 14,XIV - Los Ríos
2019,14,5,SARDINA COMUN,134862,4653.360000000001,1,2019-05-01,Región 14,XIV - Los Ríos
2019,14,6,SARDINA COMUN,135151,2390.47,1,2019-06-01,Región 14,XIV - Los Ríos
2019,14,7,SARDINA COMUN,182213,209.72,1,2019-07-01,Región 14,XIV - Los Ríos
2019,14,11,SARDINA COMUN,155229,7874.479999999999,1,2019-11-01,Región 14,XIV - Los Ríos
2019,14,12,SARDINA COMUN,149748,8996.869999999997,1,2019-12-01,Región 14,XIV - Los Ríos
2020,14,2,SARDINA COMUN,124176,5300.462,1,2020-02-01,Región 14,XIV - Los Ríos
2020,14,3,SARDINA COMUN,134485,8744.298999999999,1,2020-03-01,Región 14,XIV - Los Ríos
2020,14,4,SARDINA COMUN,145413,9346.481999999998,1,2020-04-01,Región 14,XIV - Los Ríos
2020,14,5,SARDINA COMUN,149787,5534.731,1,2020-05-01,Región 14,XIV - Los Ríos
2020,14,6,SARDINA COMUN,146279,2626.986,1,2020-06-01,Región 14,XIV - Los Ríos
